model,auc,accuracy,precision,recall,f1
LogisticRegression_baseline,0.6517761996422209,0.6210417583906255,0.054618808516236544,0.6027098959593515,0.10016083634901488
LightGBM_baseline,0.9834084809073943,0.9478358790259762,0.3938886563415655,0.9107186063392209,0.5499306012126525
LightGBM_tuned,0.985627576012691,0.9610356622752058,0.4704771496915523,0.9041858214372127,0.6189135475322954
XGBoost_baseline,0.9764945630180784,0.9333491380770143,0.3321662626806715,0.8952334865714977,0.48454688318491357
CatBoost_baseline,0.9714376494605478,0.9108019778507807,0.2683791606367583,0.8974110815388338,0.4131899961009302
Ensemble_avg,0.9805696201221642,0.9443136790056559,0.3768889784404594,0.9051536414226954,0.5321857884629063
